"id","group","languageId","tag"
"1","default","","dedication"
"2","default","","tattoo"
"3","default","","animals"
"4","default","","bingo"
"5","default","","sports"
"6","default","","fashion"
"7","default","","music"
"8","default","","clothing"
"9","default","","Denmark"
"10","default","","mvp"
"11","default","","United Kingdom"
"12","default","","Netherlands"
"13","default","","demo"
"14","default","","starter kit"
"15","default","","umbraco"
"16","default","","cg16"
"17","default","","codegarden"
"18","default","","great"
