"id","path"
"25",""
"26",""
"27",""
"28","/media/tnjdir4z/16403439029_f500be349b_o.jpg"
"29","/media/5hkfunmc/4730684907_8a7f8759cb_b.jpg"
"30","/media/41ac0rqk/7371127652_e01b6ab56f_b.jpg"
"31","/media/2xyn5m4e/14272036539_469ca21d5c_h.jpg"
"32","/media/palnmbh2/5852022211_9028df67c0_b.jpg"
"33","/media/k54fwwlj/5852022091_87c5d045ab_b.jpg"
"34","/media/oa3fqc5c/7377957524_347859faac_b.jpg"
"35","/media/zvjprbsd/7373036290_5e8420bf36_b.jpg"
"36","/media/ohcmnj1n/7373036208_30257976a0_b.jpg"
"37","/media/oo0hwimc/18720470241_ff77768544_h.jpg"
"38","/media/rstneq5t/18531852339_981b067419_h.jpg"
"39","/media/3puoimtq/18531854019_351c579559_h.jpg"
"40","/media/25mecrn2/18095416144_44a566a5f4_h.jpg"
"41","/media/e0andd1w/18530280048_459b8b61b2_h.jpg"
