"nodeId","contentTypeId"
"1104","1098"
"1105","1094"
"1106","1095"
"1107","1095"
"1108","1095"
"1109","1095"
"1110","1095"
"1111","1095"
"1112","1095"
"1113","1095"
"1114","1097"
"1115","1096"
"1116","1096"
"1117","1096"
"1118","1096"
"1119","1096"
"1120","1100"
"1121","1100"
"1122","1100"
"1123","1103"
"1124","1102"
"1125","1102"
"1126","1102"
"1127","1101"
"1128","1031"
"1129","1031"
"1130","1031"
"1131","1032"
"1132","1032"
"1133","1032"
"1134","1032"
"1135","1032"
"1136","1032"
"1137","1032"
"1138","1032"
"1139","1032"
"1140","1032"
"1141","1032"
"1142","1032"
"1143","1032"
"1144","1032"
